udp_timestamp,group_1_field_1,group_1_field_2,group_1_field_3,group_1_field_4,group_1_field_5,group_1_field_6,group_1_field_7,group_1_field_8,group_17_field_1,group_17_field_2,group_17_field_3,group_17_field_4,group_17_field_5,group_17_field_6,group_17_field_7,group_17_field_8,group_20_field_1,group_20_field_2,group_20_field_3,group_20_field_4,group_20_field_5,group_20_field_6,group_20_field_7,group_20_field_8,group_13_field_1,group_13_field_2,group_13_field_3,group_13_field_4,group_13_field_5,group_13_field_6,group_13_field_7,group_13_field_8,group_14_field_1,group_14_field_2,group_14_field_3,group_14_field_4,group_14_field_5,group_14_field_6,group_14_field_7,group_14_field_8
2026-08-26T19:15:28.074099+00:00,4628.37255859375,3385.7041015625,3385.7041015625,0.0,-999.0,18.33269500732422,20.33269500732422,8.070528984069824,0.20075611770153046,-0.9441466927528381,343.638916015625,-999.0,338.04052734375,-5.598381042480469,-999.0,341.5329284667969,63.45188903808594,10.925076484680176,8.438729286193848,0.10494719445705414,3.818643093109131,8.543482780456543,63.5,11.0,0.25,0.0,0.0,0.0,0.0,0.0,0.0,0.0,1.0,1.0,0.0,0.0,1.0,-999.0,-999.0,-999.0
2026-08-26T19:15:28.873762+00:00,4629.17236328125,3386.504150390625,3386.504150390625,0.0,-999.0,18.332918167114258,20.332918167114258,8.070528984069824,0.20072633028030396,-0.9440752863883972,343.638916015625,-999.0,338.04052734375,-5.598381042480469,-999.0,341.5329284667969,63.45188903808594,10.925076484680176,8.438729286193848,0.10494719445705414,3.818643093109131,8.543481826782227,63.5,11.0,0.25,0.0,0.0,0.0,0.0,0.0,0.0,0.0,1.0,1.0,0.0,0.0,1.0,-999.0,-999.0,-999.0
2026-08-26T19:15:29.674322+00:00,4629.97265625,3387.30419921875,3387.30419921875,0.0,-999.0,18.333139419555664,20.333139419555664,8.070528984069824,0.20071198046207428,-0.9440809488296509,343.638916015625,-999.0,338.04052734375,-5.598381042480469,-999.0,341.5329284667969,63.45188903808594,10.925076484680176,8.438727378845215,0.10494641214609146,3.8186423778533936,8.54348087310791,63.5,11.0,0.25,0.0,0.0,0.0,0.0,0.0,0.0,0.0,1.0,1.0,0.0,0.0,1.0,-999.0,-999.0,-999.0
2026-08-26T19:15:30.474691+00:00,4630.7724609375,3388.10400390625,3388.10400390625,0.0,-999.0,18.333362579345703,20.333362579345703,8.070528984069824,0.20069965720176697,-0.9440152049064636,343.638916015625,-999.0,338.04052734375,-5.598381042480469,-999.0,341.5329284667969,63.45188903808594,10.925076484680176,8.438725471496582,0.10494133085012436,3.8186452388763428,8.543478965759277,63.5,11.0,0.25,0.0,0.0,0.0,0.0,0.0,0.0,0.0,1.0,1.0,0.0,0.0,1.0,-999.0,-999.0,-999.0
2026-08-26T19:15:31.277576+00:00,4631.57275390625,3388.904052734375,3388.904052734375,0.0,-999.0,18.33358383178711,20.33358383178711,8.070528984069824,0.2006208449602127,-0.944024920463562,343.638916015625,-999.0,338.04052734375,-5.598381042480469,-999.0,341.5329284667969,63.45188903808594,10.925076484680176,8.438724517822266,0.10494016110897064,3.8186447620391846,8.543477058410645,63.5,11.0,0.25,0.0,0.0,0.0,0.0,0.0,0.0,0.0,1.0,1.0,0.0,0.0,1.0,-999.0,-999.0,-999.0
2026-08-26T19:15:32.074806+00:00,4632.37255859375,3389.709228515625,3389.709228515625,0.0,-999.0,18.33380889892578,20.33380889892578,8.070528984069824,0.20039725303649902,-0.9434676170349121,343.63885498046875,-999.0,338.04046630859375,-5.598381042480469,-999.0,341.5321960449219,63.45188903808594,10.925076484680176,8.438714981079102,0.10493272542953491,3.818643569946289,8.54346752166748,63.5,11.0,0.25,0.0,0.0,0.0,0.0,0.0,0.0,0.0,1.0,1.0,0.0,0.0,1.0,-999.0,-999.0,-999.0
2026-08-26T19:15:32.874302+00:00,4633.17236328125,3390.50927734375,3390.50927734375,0.0,-999.0,18.334030151367188,20.334030151367188,8.070528984069824,0.20040372014045715,-0.9436349868774414,343.6388244628906,-999.0,338.0404357910156,-5.598381042480469,-999.0,341.5319519042969,63.45188903808594,10.925076484680176,8.438719749450684,0.1049366369843483,3.818643569946289,8.543472290039062,63.5,11.0,0.25,0.0,0.0,0.0,0.0,0.0,0.0,0.0,1.0,1.0,0.0,0.0,1.0,-999.0,-999.0,-999.0
2026-08-26T19:15:33.674266+00:00,4633.97265625,3391.309326171875,3391.309326171875,0.0,-999.0,18.334253311157227,20.334253311157227,8.070528984069824,0.2005198895931244,-0.9437054991722107,343.63885498046875,-999.0,338.04046630859375,-5.598381042480469,-999.0,341.5319519042969,63.45188903808594,10.925076484680176,8.438719749450684,0.1049366369843483,3.818643569946289,8.543472290039062,63.5,11.0,0.25,0.0,0.0,0.0,0.0,0.0,0.0,0.0,1.0,1.0,0.0,0.0,1.0,-999.0,-999.0,-999.0
2026-08-26T19:15:34.473994+00:00,4634.7724609375,3392.109375,3392.109375,0.0,-999.0,18.334474563598633,20.334474563598633,8.070528984069824,0.20079617202281952,-0.9441766142845154,343.6389465332031,-999.0,338.0405578613281,-5.598381042480469,-999.0,341.5325622558594,63.45188903808594,10.925076484680176,8.438725471496582,0.10494016110897064,3.818645477294922,8.543478012084961,63.5,11.0,0.25,0.0,0.0,0.0,0.0,0.0,0.0,0.0,1.0,1.0,0.0,0.0,1.0,-999.0,-999.0,-999.0
2026-08-26T19:15:35.273675+00:00,4635.57275390625,3392.9091796875,3392.9091796875,0.0,-999.0,18.334697723388672,20.334697723388672,8.070528984069824,0.2007422298192978,-0.9441119432449341,343.638916015625,-999.0,338.04052734375,-5.598381042480469,-999.0,341.5330810546875,63.45188903808594,10.925076484680176,8.43873119354248,0.10494797676801682,3.8186440467834473,8.54348373413086,63.5,11.0,0.25,0.0,0.0,0.0,0.0,0.0,0.0,0.0,1.0,1.0,0.0,0.0,1.0,-999.0,-999.0,-999.0
2026-08-26T19:15:36.074117+00:00,4636.37255859375,3393.714599609375,3393.714599609375,0.0,-999.0,18.33492088317871,20.33492088317871,8.070528984069824,0.20070093870162964,-0.9441201090812683,343.638916015625,-999.0,338.04052734375,-5.598381042480469,-999.0,341.5330810546875,63.45188903808594,10.925076484680176,8.43873119354248,0.10494797676801682,3.8186440467834473,8.54348373413086,63.5,11.0,0.25,0.0,0.0,0.0,0.0,0.0,0.0,0.0,1.0,1.0,0.0,0.0,1.0,-999.0,-999.0,-999.0
2026-08-26T19:15:36.874605+00:00,4637.17236328125,3394.5146484375,3394.5146484375,0.0,-999.0,18.335142135620117,20.335142135620117,8.070528984069824,0.20071472227573395,-0.9441073536872864,343.6388854980469,-999.0,338.0404968261719,-5.598381042480469,-999.0,341.5330810546875,63.45188903808594,10.925076484680176,8.438730239868164,0.10494758933782578,3.818643569946289,8.543482780456543,63.5,11.0,0.25,0.0,0.0,0.0,0.0,0.0,0.0,0.0,1.0,1.0,0.0,0.0,1.0,-999.0,-999.0,-999.0
2026-08-26T19:15:37.673463+00:00,4637.97265625,3395.314697265625,3395.314697265625,0.0,-999.0,18.335365295410156,20.335365295410156,8.070528984069824,0.20070914924144745,-0.9441331624984741,343.638916015625,-999.0,338.04052734375,-5.598381042480469,-999.0,341.5330810546875,63.45188903808594,10.925076484680176,8.43873119354248,0.10494797676801682,3.8186440467834473,8.54348373413086,63.5,11.0,0.25,0.0,0.0,0.0,0.0,0.0,0.0,0.0,1.0,1.0,0.0,0.0,1.0,-999.0,-999.0,-999.0
2026-08-26T19:15:38.473842+00:00,4638.7724609375,3396.11474609375,3396.11474609375,0.0,-999.0,18.335586547851562,20.335586547851562,8.070528984069824,0.200707346200943,-0.9440538883209229,343.6388854980469,-999.0,338.0404968261719,-5.598381042480469,-999.0,341.5330810546875,63.45188903808594,10.925076484680176,8.438728332519531,0.10494641214609146,3.8186423778533936,8.54348087310791,63.5,11.0,0.25,0.0,0.0,0.0,0.0,0.0,0.0,0.0,1.0,1.0,0.0,0.0,1.0,-999.0,-999.0,-999.0
2026-08-26T19:15:39.274227+00:00,4639.572265625,3396.91455078125,3396.91455078125,0.0,-999.0,18.3358097076416,20.3358097076416,8.070528984069824,0.20072713494300842,-0.9440513253211975,343.638916015625,-999.0,338.04052734375,-5.598381042480469,-999.0,341.5330810546875,63.45188903808594,10.925076484680176,8.438727378845215,0.10494328290224075,3.8186447620391846,8.543479919433594,63.5,11.0,0.25,0.0,0.0,0.0,0.0,0.0,0.0,0.0,1.0,1.0,0.0,0.0,1.0,-999.0,-999.0,-999.0
2026-08-26T19:15:40.073442+00:00,4640.37255859375,3397.72021484375,3397.72021484375,0.0,-999.0,18.33603286743164,20.33603286743164,8.070528984069824,0.2006576806306839,-0.944067120552063,343.6388854980469,-999.0,338.0404968261719,-5.598381042480469,-999.0,341.5330810546875,63.45188903808594,10.925076484680176,8.438725471496582,0.10494289547204971,3.818643569946289,8.543478965759277,63.5,11.0,0.25,0.0,0.0,0.0,0.0,0.0,0.0,0.0,1.0,1.0,0.0,0.0,1.0,-999.0,-999.0,-999.0
2026-08-26T19:15:40.874659+00:00,4641.17236328125,3398.52001953125,3398.52001953125,0.0,-999.0,18.33625602722168,20.33625602722168,8.070528984069824,0.20054133236408234,-0.9440393447875977,343.638916015625,-999.0,338.04052734375,-5.598381042480469,-999.0,341.5330810546875,63.45188903808594,10.925076484680176,8.438715934753418,0.1049346849322319,3.8186423778533936,8.543469429016113,63.5,11.0,0.25,0.0,0.0,0.0,0.0,0.0,0.0,0.0,1.0,1.0,0.0,0.0,1.0,-999.0,-999.0,-999.0
2026-08-26T19:15:41.674274+00:00,4641.97265625,3399.320068359375,3399.320068359375,0.0,-999.0,18.336477279663086,20.336477279663086,8.070528984069824,0.20039726793766022,-0.9437626004219055,343.6388854980469,-999.0,338.0404968261719,-5.598381042480469,-999.0,341.5330810546875,63.45188903808594,10.925076484680176,8.438718795776367,0.10493624955415726,3.818643093109131,8.543471336364746,63.5,11.0,0.25,0.0,0.0,0.0,0.0,0.0,0.0,0.0,1.0,1.0,0.0,0.0,1.0,-999.0,-999.0,-999.0
2026-08-26T19:15:42.487526+00:00,4642.7724609375,3400.1201171875,3400.1201171875,0.0,-999.0,18.336700439453125,20.336700439453125,8.070528984069824,0.20049293339252472,-0.9437294006347656,343.638916015625,-999.0,338.04052734375,-5.598381042480469,-999.0,341.5330810546875,63.45188903808594,10.925076484680176,8.438701629638672,0.10492020845413208,3.8186419010162354,8.54345417022705,63.5,11.0,0.25,0.0,0.0,0.0,0.0,0.0,0.0,0.0,1.0,1.0,0.0,0.0,1.0,-999.0,-999.0,-999.0
2026-08-26T19:15:43.273475+00:00,4643.572265625,3400.920166015625,3400.920166015625,0.0,-999.0,18.33692169189453,20.33692169189453,8.070528984069824,0.2004047930240631,-0.9436641335487366,343.6388854980469,-999.0,338.0404968261719,-5.598381042480469,-999.0,341.5328063964844,63.45188903808594,10.925076484680176,8.43870735168457,0.10492412000894547,3.8186442852020264,8.543460845947266,63.5,11.0,0.25,0.0,0.0,0.0,0.0,0.0,0.0,0.0,1.0,1.0,0.0,0.0,1.0,-999.0,-999.0,-999.0
2026-08-26T19:15:44.074099+00:00,4644.37255859375,3401.7255859375,3401.7255859375,0.0,-999.0,18.337146759033203,20.337146759033203,8.070528984069824,0.20033955574035645,-0.9437040090560913,343.6388854980469,-999.0,338.0404968261719,-5.598381042480469,-999.0,341.5327453613281,63.45188903808594,10.925076484680176,8.438711166381836,0.10492881387472153,3.8186428546905518,8.543463706970215,63.5,11.0,0.25,0.0,0.0,0.0,0.0,0.0,0.0,0.0,1.0,1.0,0.0,0.0,1.0,-999.0,-999.0,-999.0
2026-08-26T19:15:44.874757+00:00,4645.1728515625,3402.52587890625,3402.52587890625,0.0,-999.0,18.33736801147461,20.33736801147461,8.070528984069824,0.2003849744796753,-0.9435837268829346,343.63885498046875,-999.0,338.04046630859375,-5.598381042480469,-999.0,341.532470703125,63.45188903808594,10.925076484680176,8.438709259033203,0.10492724925279617,3.8186428546905518,8.543461799621582,63.5,11.0,0.25,0.0,0.0,0.0,0.0,0.0,0.0,0.0,1.0,1.0,0.0,0.0,1.0,-999.0,-999.0,-999.0
2026-08-26T19:15:45.673955+00:00,4645.97216796875,3403.325439453125,3403.325439453125,0.0,-999.0,18.33759117126465,20.33759117126465,8.070528984069824,0.20040546357631683,-0.9438118934631348,343.63885498046875,-999.0,338.04046630859375,-5.598381042480469,-999.0,341.5324401855469,63.45188903808594,10.925076484680176,8.43871021270752,0.10492842644453049,3.8186423778533936,8.543462753295898,63.5,11.0,0.25,0.0,0.0,0.0,0.0,0.0,0.0,0.0,1.0,1.0,0.0,0.0,1.0,-999.0,-999.0,-999.0
2026-08-26T19:15:46.474334+00:00,4646.7724609375,3404.125732421875,3404.125732421875,0.0,-999.0,18.337812423706055,20.337812423706055,8.070528984069824,0.20049481093883514,-0.9436674118041992,343.63885498046875,-999.0,338.04046630859375,-5.598381042480469,-999.0,341.5324401855469,63.45188903808594,10.925076484680176,8.438713073730469,0.10492920875549316,3.8186447620391846,8.543465614318848,63.5,11.0,0.25,0.0,0.0,0.0,0.0,0.0,0.0,0.0,1.0,1.0,0.0,0.0,1.0,-999.0,-999.0,-999.0
2026-08-26T19:15:47.274139+00:00,4647.572265625,3404.925537109375,3404.925537109375,0.0,-999.0,18.338035583496094,20.338035583496094,8.070528984069824,0.20057106018066406,-0.9438645243644714,343.638916015625,-999.0,338.04052734375,-5.598381042480469,-999.0,341.5324401855469,63.45188903808594,10.925076484680176,8.438721656799316,0.104939766228199,3.818643569946289,8.543475151062012,63.5,11.0,0.25,0.0,0.0,0.0,0.0,0.0,0.0,0.0,1.0,1.0,0.0,0.0,1.0,-999.0,-999.0,-999.0
2026-08-26T19:15:48.073815+00:00,4648.37255859375,3405.731201171875,3405.731201171875,0.0,-999.0,18.338258743286133,20.338258743286133,8.070528984069824,0.20043779909610748,-0.9436482191085815,343.63885498046875,-999.0,338.04046630859375,-5.598381042480469,-999.0,341.5324401855469,63.45188903808594,10.925076484680176,8.438714981079102,0.10493233799934387,3.8186440467834473,8.54346752166748,63.5,11.0,0.25,0.0,0.0,0.0,0.0,0.0,0.0,0.0,1.0,1.0,0.0,0.0,1.0,-999.0,-999.0,-999.0
2026-08-26T19:15:48.874235+00:00,4649.17236328125,3406.53125,3406.53125,0.0,-999.0,18.33847999572754,20.33847999572754,8.070528984069824,0.20033958554267883,-0.9436776638031006,343.63885498046875,-999.0,338.04046630859375,-5.598381042480469,-999.0,341.5320129394531,63.45188903808594,10.925076484680176,8.438719749450684,0.10493703186511993,3.8186440467834473,8.543472290039062,63.5,11.0,0.25,0.0,0.0,0.0,0.0,0.0,0.0,0.0,1.0,1.0,0.0,0.0,1.0,-999.0,-999.0,-999.0
2026-08-26T19:15:49.674247+00:00,4649.97216796875,3407.331298828125,3407.331298828125,0.0,-999.0,18.338703155517578,20.338703155517578,8.070528984069824,0.20048780739307404,-0.9435684680938721,343.6388244628906,-999.0,338.0404357910156,-5.598381042480469,-999.0,341.5320129394531,63.45188903808594,10.925076484680176,8.438712120056152,0.10492842644453049,3.8186447620391846,8.543465614318848,63.5,11.0,0.25,0.0,0.0,0.0,0.0,0.0,0.0,0.0,1.0,1.0,0.0,0.0,1.0,-999.0,-999.0,-999.0
2026-08-26T19:15:50.473855+00:00,4650.7724609375,3408.131103515625,3408.131103515625,0.0,-999.0,18.338924407958984,20.338924407958984,8.070528984069824,0.20050734281539917,-0.9433930516242981,343.6388244628906,-999.0,338.0404357910156,-5.598381042480469,-999.0,341.53173828125,63.45188903808594,10.925076484680176,8.438706398010254,0.10492255538702011,3.8186442852020264,8.543458938598633,63.5,11.0,0.25,0.0,0.0,0.0,0.0,0.0,0.0,0.0,1.0,1.0,0.0,0.0,1.0,-999.0,-999.0,-999.0
2026-08-26T19:15:51.273760+00:00,4651.572265625,3408.93115234375,3408.93115234375,0.0,-999.0,18.339147567749023,20.339147567749023,8.070528984069824,0.2003956288099289,-0.9433822631835938,343.6388244628906,-999.0,338.0404357910156,-5.598381042480469,-999.0,341.5317077636719,63.45188903808594,10.925076484680176,8.438714981079102,0.10493312031030655,3.818643093109131,8.54346752166748,63.5,11.0,0.25,0.0,0.0,0.0,0.0,0.0,0.0,0.0,1.0,1.0,0.0,0.0,1.0,-999.0,-999.0,-999.0
2026-08-26T19:15:52.074113+00:00,4652.3720703125,3409.73681640625,3409.73681640625,0.0,-999.0,18.339370727539062,20.339370727539062,8.070528984069824,0.20043370127677917,-0.9433746933937073,343.6387939453125,-999.0,338.0404357910156,-5.598381042480469,-999.0,341.5315246582031,63.45188903808594,10.925076484680176,8.438709259033203,0.10492686182260513,3.818643093109131,8.543461799621582,63.5,11.0,0.25,0.0,0.0,0.0,0.0,0.0,0.0,0.0,1.0,1.0,0.0,0.0,1.0,-999.0,-999.0,-999.0
2026-08-26T19:15:52.873594+00:00,4653.17236328125,3410.536865234375,3410.536865234375,0.0,-999.0,18.3395938873291,20.3395938873291,8.070528984069824,0.20032638311386108,-0.9433232545852661,343.6387634277344,-999.0,338.0404052734375,-5.598381042480469,-999.0,341.53131103515625,63.45188903808594,10.925076484680176,8.438715934753418,0.10493312031030655,3.818643093109131,8.543468475341797,63.5,11.0,0.25,0.0,0.0,0.0,0.0,0.0,0.0,0.0,1.0,1.0,0.0,0.0,1.0,-999.0,-999.0,-999.0
2026-08-26T19:15:53.674566+00:00,4653.97216796875,3411.3369140625,3411.3369140625,0.0,-999.0,18.339815139770508,20.339815139770508,8.070528984069824,0.20049697160720825,-0.943640410900116,343.63885498046875,-999.0,338.04046630859375,-5.598381042480469,-999.0,341.53131103515625,63.45188903808594,10.925076484680176,8.438719749450684,0.10493624955415726,3.8186447620391846,8.543473243713379,63.5,11.0,0.25,0.0,0.0,0.0,0.0,0.0,0.0,0.0,1.0,1.0,0.0,0.0,1.0,-999.0,-999.0,-999.0
