udp_timestamp,group_1_field_1,group_1_field_2,group_1_field_3,group_1_field_4,group_1_field_5,group_1_field_6,group_1_field_7,group_1_field_8,group_13_field_1,group_13_field_2,group_13_field_3,group_13_field_4,group_13_field_5,group_13_field_6,group_13_field_7,group_13_field_8,group_14_field_1,group_14_field_2,group_14_field_3,group_14_field_4,group_14_field_5,group_14_field_6,group_14_field_7,group_14_field_8,group_17_field_1,group_17_field_2,group_17_field_3,group_17_field_4,group_17_field_5,group_17_field_6,group_17_field_7,group_17_field_8,group_20_field_1,group_20_field_2,group_20_field_3,group_20_field_4,group_20_field_5,group_20_field_6,group_20_field_7,group_20_field_8,group_115_field_1,group_115_field_2,group_115_field_3,group_115_field_4,group_115_field_5,group_115_field_6,group_115_field_7,group_115_field_8
2026-08-26T19:18:41.647513+00:00,4821.947265625,3562.9189453125,3562.9189453125,0.0,-999.0,18.381921768188477,20.381921768188477,8.070528984069824,0.25,0.0,0.0,0.0,0.0,0.0,0.0,0.0,1.0,1.0,0.0,0.0,1.0,-999.0,-999.0,-999.0,,,,,,,,,,,,,,,,,,,,,,,,
2026-08-26T19:18:42.446293+00:00,4822.7470703125,3563.718994140625,3563.718994140625,0.0,-999.0,18.382144927978516,20.382144927978516,8.070528984069824,0.25,0.0,0.0,0.0,0.0,0.0,0.0,0.0,1.0,1.0,0.0,0.0,1.0,-999.0,-999.0,-999.0,,,,,,,,,,,,,,,,,,,,,,,,
2026-08-26T19:18:43.246197+00:00,4823.54736328125,3564.518798828125,3564.518798828125,0.0,-999.0,18.382366180419922,20.382366180419922,8.070528984069824,0.25,0.0,0.0,0.0,0.0,0.0,0.0,0.0,1.0,1.0,0.0,0.0,1.0,-999.0,-999.0,-999.0,,,,,,,,,,,,,,,,,,,,,,,,
2026-08-26T19:18:44.046669+00:00,4824.34716796875,3565.31884765625,3565.31884765625,0.0,-999.0,18.38258934020996,20.38258934020996,8.070528984069824,0.25,0.0,0.0,0.0,0.0,0.0,0.0,0.0,1.0,1.0,0.0,0.0,1.0,-999.0,-999.0,-999.0,,,,,,,,,,,,,,,,,,,,,,,,
2026-08-26T19:18:44.846185+00:00,4825.1474609375,3566.119140625,3566.119140625,0.0,-999.0,18.382810592651367,20.382810592651367,8.070528984069824,0.25,0.0,0.0,0.0,0.0,0.0,0.0,0.0,1.0,1.0,0.0,0.0,1.0,-999.0,-999.0,-999.0,,,,,,,,,,,,,,,,,,,,,,,,
2026-08-26T19:18:45.646430+00:00,4825.947265625,3566.9189453125,3566.9189453125,0.0,-999.0,18.383033752441406,20.383033752441406,8.070528984069824,0.25,0.0,0.0,0.0,0.0,0.0,0.0,0.0,1.0,1.0,0.0,0.0,1.0,-999.0,-999.0,-999.0,,,,,,,,,,,,,,,,,,,,,,,,
2026-08-26T19:18:46.446558+00:00,4826.74755859375,3567.718994140625,3567.718994140625,0.0,-999.0,18.383255004882812,20.383255004882812,8.070528984069824,0.25,0.0,0.0,0.0,0.0,0.0,0.0,0.0,1.0,1.0,0.0,0.0,1.0,-999.0,-999.0,-999.0,,,,,,,,,,,,,,,,,,,,,,,,
2026-08-26T19:18:47.246412+00:00,4827.54736328125,3568.518798828125,3568.518798828125,0.0,-999.0,18.38347816467285,20.38347816467285,8.070528984069824,0.25,0.0,0.0,0.0,0.0,0.0,0.0,0.0,1.0,1.0,0.0,0.0,1.0,-999.0,-999.0,-999.0,,,,,,,,,,,,,,,,,,,,,,,,
2026-08-26T19:18:48.046231+00:00,4828.34716796875,3569.31884765625,3569.31884765625,0.0,-999.0,18.383699417114258,20.383699417114258,8.070528984069824,0.25,0.0,0.0,0.0,0.0,0.0,0.0,0.0,1.0,1.0,0.0,0.0,1.0,-999.0,-999.0,-999.0,,,,,,,,,,,,,,,,,,,,,,,,
2026-08-26T19:18:48.846196+00:00,4829.1474609375,3570.118896484375,3570.118896484375,0.0,-999.0,18.383922576904297,20.383922576904297,8.070528984069824,0.25,0.0,0.0,0.0,0.0,0.0,0.0,0.0,1.0,1.0,0.0,0.0,1.0,-999.0,-999.0,-999.0,,,,,,,,,,,,,,,,,,,,,,,,
2026-08-26T19:18:49.648281+00:00,4829.947265625,3570.9189453125,3570.9189453125,0.0,-999.0,18.384143829345703,20.384143829345703,8.070528984069824,0.25,0.0,0.0,0.0,0.0,0.0,0.0,0.0,1.0,1.0,0.0,0.0,1.0,-999.0,-999.0,-999.0,,,,,,,,,,,,,,,,,,,,,,,,
2026-08-26T19:18:50.446226+00:00,4830.7470703125,3571.71875,3571.71875,0.0,-999.0,18.384366989135742,20.384366989135742,8.070528984069824,0.25,0.0,0.0,0.0,0.0,0.0,0.0,0.0,1.0,1.0,0.0,0.0,1.0,-999.0,-999.0,-999.0,,,,,,,,,,,,,,,,,,,,,,,,
2026-08-26T19:18:51.246258+00:00,4831.54736328125,3572.518798828125,3572.518798828125,0.0,-999.0,18.38458824157715,20.38458824157715,8.070528984069824,0.25,0.0,0.0,0.0,0.0,0.0,0.0,0.0,1.0,1.0,0.0,0.0,1.0,-999.0,-999.0,-999.0,,,,,,,,,,,,,,,,,,,,,,,,
2026-08-26T19:18:52.048385+00:00,4832.34716796875,3573.31884765625,3573.31884765625,0.0,-999.0,18.384811401367188,20.384811401367188,8.070528984069824,0.25,0.0,0.0,0.0,0.0,0.0,0.0,0.0,1.0,1.0,0.0,0.0,1.0,-999.0,-999.0,-999.0,,,,,,,,,,,,,,,,,,,,,,,,
2026-08-26T19:18:52.846135+00:00,4833.14697265625,3574.118896484375,3574.118896484375,0.0,-999.0,18.385032653808594,20.385032653808594,8.070528984069824,0.25,0.0,0.0,0.0,0.0,0.0,0.0,0.0,1.0,1.0,0.0,0.0,1.0,-999.0,-999.0,-999.0,,,,,,,,,,,,,,,,,,,,,,,,
2026-08-26T19:18:53.646126+00:00,4833.947265625,3574.9189453125,3574.9189453125,0.0,-999.0,18.385255813598633,20.385255813598633,8.070528984069824,0.25,0.0,0.0,0.0,0.0,0.0,0.0,0.0,1.0,1.0,0.0,0.0,1.0,-999.0,-999.0,-999.0,,,,,,,,,,,,,,,,,,,,,,,,
2026-08-26T19:18:54.445949+00:00,4834.7470703125,3575.718994140625,3575.718994140625,0.0,-999.0,18.38547706604004,20.38547706604004,8.070528984069824,0.25,0.0,0.0,0.0,0.0,0.0,0.0,0.0,1.0,1.0,0.0,0.0,1.0,-999.0,-999.0,-999.0,,,,,,,,,,,,,,,,,,,,,,,,
2026-08-26T19:18:55.246048+00:00,4835.54736328125,3576.518798828125,3576.518798828125,0.0,-999.0,18.385700225830078,20.385700225830078,8.070528984069824,0.25,0.0,0.0,0.0,0.0,0.0,0.0,0.0,1.0,1.0,0.0,0.0,1.0,-999.0,-999.0,-999.0,,,,,,,,,,,,,,,,,,,,,,,,
2026-08-26T19:18:56.046467+00:00,4836.34716796875,3577.31884765625,3577.31884765625,0.0,-999.0,18.385921478271484,20.385921478271484,8.070528984069824,0.25,0.0,0.0,0.0,0.0,0.0,0.0,0.0,1.0,1.0,0.0,0.0,1.0,-999.0,-999.0,-999.0,,,,,,,,,,,,,,,,,,,,,,,,
2026-08-26T19:18:56.846163+00:00,4837.14697265625,3578.118896484375,3578.118896484375,0.0,-999.0,18.386144638061523,20.386144638061523,8.070528984069824,0.25,0.0,0.0,0.0,0.0,0.0,0.0,0.0,1.0,1.0,0.0,0.0,1.0,-999.0,-999.0,-999.0,,,,,,,,,,,,,,,,,,,,,,,,
2026-08-26T19:18:57.646023+00:00,4837.947265625,3578.918701171875,3578.918701171875,0.0,-999.0,18.38636589050293,20.38636589050293,8.070528984069824,0.25,0.0,0.0,0.0,0.0,0.0,0.0,0.0,1.0,1.0,0.0,0.0,1.0,-999.0,-999.0,-999.0,,,,,,,,,,,,,,,,,,,,,,,,
2026-08-26T19:18:58.445919+00:00,4838.74755859375,3579.718994140625,3579.718994140625,0.0,-999.0,18.38658905029297,20.38658905029297,8.070528984069824,0.25,0.0,0.0,0.0,0.0,0.0,0.0,0.0,1.0,1.0,0.0,0.0,1.0,-999.0,-999.0,-999.0,,,,,,,,,,,,,,,,,,,,,,,,
2026-08-26T19:18:59.245837+00:00,4839.54736328125,3580.51904296875,3580.51904296875,0.0,-999.0,18.386810302734375,20.386810302734375,8.070528984069824,0.25,0.0,0.0,0.0,0.0,0.0,0.0,0.0,1.0,1.0,0.0,0.0,1.0,-999.0,-999.0,-999.0,,,,,,,,,,,,,,,,,,,,,,,,
2026-08-26T19:19:00.046086+00:00,4840.34716796875,3580.58544921875,3580.58544921875,0.0,-999.0,18.386829376220703,20.386829376220703,8.070528984069824,0.25,0.0,0.0,0.0,0.0,0.0,0.0,0.0,1.0,1.0,0.0,0.0,1.0,-999.0,-999.0,-999.0,,,,,,,,,,,,,,,,,,,,,,,,
2026-08-26T19:19:00.845969+00:00,4841.1474609375,3580.58544921875,3580.58544921875,0.0,-999.0,18.386829376220703,20.386829376220703,8.070528984069824,0.25,0.0,0.0,0.0,0.0,0.0,0.0,0.0,1.0,1.0,0.0,0.0,1.0,-999.0,-999.0,-999.0,,,,,,,,,,,,,,,,,,,,,,,,
2026-08-26T19:19:01.646586+00:00,4841.947265625,3580.58544921875,3580.58544921875,0.0,-999.0,18.386829376220703,20.386829376220703,8.070528984069824,0.25,0.0,0.0,0.0,0.0,0.0,0.0,0.0,1.0,1.0,0.0,0.0,1.0,-999.0,-999.0,-999.0,,,,,,,,,,,,,,,,,,,,,,,,
2026-08-26T19:19:02.446314+00:00,4842.7470703125,3580.58544921875,3580.58544921875,0.0,-999.0,18.386829376220703,20.386829376220703,8.070528984069824,0.25,0.0,0.0,0.0,0.0,0.0,0.0,0.0,1.0,1.0,0.0,0.0,1.0,-999.0,-999.0,-999.0,,,,,,,,,,,,,,,,,,,,,,,,
2026-08-26T19:19:03.246234+00:00,4843.546875,3580.58544921875,3580.58544921875,0.0,-999.0,18.386829376220703,20.386829376220703,8.070528984069824,0.25,0.0,0.0,0.0,0.0,0.0,0.0,0.0,1.0,1.0,0.0,0.0,1.0,-999.0,-999.0,-999.0,,,,,,,,,,,,,,,,,,,,,,,,
2026-08-26T19:19:04.046103+00:00,4844.34716796875,3580.58544921875,3580.58544921875,0.0,-999.0,18.386829376220703,20.386829376220703,8.070528984069824,0.25,0.0,0.0,0.0,0.0,0.0,0.0,0.0,1.0,1.0,0.0,0.0,1.0,-999.0,-999.0,-999.0,0.2003851681947708,-0.943842887878418,343.6389465332031,-999.0,338.0405578613281,-5.598381042480469,-999.0,341.53277587890625,,,,,,,,,,,,,,,,
2026-08-26T19:19:04.846098+00:00,4845.14697265625,3580.58544921875,3580.58544921875,0.0,-999.0,18.386829376220703,20.386829376220703,8.070528984069824,0.25,0.0,0.0,0.0,0.0,0.0,0.0,0.0,1.0,1.0,0.0,0.0,1.0,-999.0,-999.0,-999.0,0.2003851681947708,-0.943842887878418,343.6389465332031,-999.0,338.0405578613281,-5.598381042480469,-999.0,341.53277587890625,,,,,,,,,,,,,,,,
2026-08-26T19:19:05.646008+00:00,4845.947265625,3580.58544921875,3580.58544921875,0.0,-999.0,18.386829376220703,20.386829376220703,8.070528984069824,0.25,0.0,0.0,0.0,0.0,0.0,0.0,0.0,1.0,1.0,0.0,0.0,1.0,-999.0,-999.0,-999.0,0.2003851681947708,-0.943842887878418,343.6389465332031,-999.0,338.0405578613281,-5.598381042480469,-999.0,341.53277587890625,,,,,,,,,,,,,,,,
2026-08-26T19:19:06.445858+00:00,4846.7470703125,3580.58544921875,3580.58544921875,0.0,-999.0,18.386829376220703,20.386829376220703,8.070528984069824,0.25,0.0,0.0,0.0,0.0,0.0,0.0,0.0,1.0,1.0,0.0,0.0,1.0,-999.0,-999.0,-999.0,0.2003851681947708,-0.943842887878418,343.6389465332031,-999.0,338.0405578613281,-5.598381042480469,-999.0,341.53277587890625,,,,,,,,,,,,,,,,
2026-08-26T19:19:07.246344+00:00,4847.54736328125,3580.58544921875,3580.58544921875,0.0,-999.0,18.386829376220703,20.386829376220703,8.070528984069824,0.25,0.0,0.0,0.0,0.0,0.0,0.0,0.0,1.0,1.0,0.0,0.0,1.0,-999.0,-999.0,-999.0,0.2003851681947708,-0.943842887878418,343.6389465332031,-999.0,338.0405578613281,-5.598381042480469,-999.0,341.53277587890625,,,,,,,,,,,,,,,,
2026-08-26T19:19:08.046350+00:00,4848.34716796875,3580.58544921875,3580.58544921875,0.0,-999.0,18.386829376220703,20.386829376220703,8.070528984069824,0.25,0.0,0.0,0.0,0.0,0.0,0.0,0.0,1.0,1.0,0.0,0.0,1.0,-999.0,-999.0,-999.0,0.2003851681947708,-0.943842887878418,343.6389465332031,-999.0,338.0405578613281,-5.598381042480469,-999.0,341.53277587890625,63.45188903808594,10.925076484680176,8.438712120056152,0.10492881387472153,3.8186442852020264,8.543464660644531,63.5,11.0,,,,,,,,
2026-08-26T19:19:08.846558+00:00,4849.14697265625,3580.58544921875,3580.58544921875,0.0,-999.0,18.386829376220703,20.386829376220703,8.070528984069824,0.25,0.0,0.0,0.0,0.0,0.0,0.0,0.0,1.0,1.0,0.0,0.0,1.0,-999.0,-999.0,-999.0,0.2003851681947708,-0.943842887878418,343.6389465332031,-999.0,338.0405578613281,-5.598381042480469,-999.0,341.53277587890625,63.45188903808594,10.925076484680176,8.438712120056152,0.10492881387472153,3.8186442852020264,8.543464660644531,63.5,11.0,,,,,,,,
2026-08-26T19:19:09.645979+00:00,4849.94677734375,3580.58544921875,3580.58544921875,0.0,-999.0,18.386829376220703,20.386829376220703,8.070528984069824,0.25,0.0,0.0,0.0,0.0,0.0,0.0,0.0,1.0,1.0,0.0,0.0,1.0,-999.0,-999.0,-999.0,0.2003851681947708,-0.943842887878418,343.6389465332031,-999.0,338.0405578613281,-5.598381042480469,-999.0,341.53277587890625,63.45188903808594,10.925076484680176,8.438712120056152,0.10492881387472153,3.8186442852020264,8.543464660644531,63.5,11.0,,,,,,,,
2026-08-26T19:19:10.445636+00:00,4850.7470703125,3580.58544921875,3580.58544921875,0.0,-999.0,18.386829376220703,20.386829376220703,8.070528984069824,0.25,0.0,0.0,0.0,0.0,0.0,0.0,0.0,1.0,1.0,0.0,0.0,1.0,-999.0,-999.0,-999.0,0.2003851681947708,-0.943842887878418,343.6389465332031,-999.0,338.0405578613281,-5.598381042480469,-999.0,341.53277587890625,63.45188903808594,10.925076484680176,8.438712120056152,0.10492881387472153,3.8186442852020264,8.543464660644531,63.5,11.0,,,,,,,,
2026-08-26T19:19:11.245640+00:00,4851.546875,3580.58544921875,3580.58544921875,0.0,-999.0,18.386829376220703,20.386829376220703,8.070528984069824,0.25,0.0,0.0,0.0,0.0,0.0,0.0,0.0,1.0,1.0,0.0,0.0,1.0,-999.0,-999.0,-999.0,0.2003851681947708,-0.943842887878418,343.6389465332031,-999.0,338.0405578613281,-5.598381042480469,-999.0,341.53277587890625,63.45188903808594,10.925076484680176,8.438712120056152,0.10492881387472153,3.8186442852020264,8.543464660644531,63.5,11.0,,,,,,,,
2026-08-26T19:19:12.047722+00:00,4852.34716796875,3580.58544921875,3580.58544921875,0.0,-999.0,18.386829376220703,20.386829376220703,8.070528984069824,0.25,0.0,0.0,0.0,0.0,0.0,0.0,0.0,1.0,1.0,0.0,0.0,1.0,-999.0,-999.0,-999.0,0.2003851681947708,-0.943842887878418,343.6389465332031,-999.0,338.0405578613281,-5.598381042480469,-999.0,341.53277587890625,63.45188903808594,10.925076484680176,8.438712120056152,0.10492881387472153,3.8186442852020264,8.543464660644531,63.5,11.0,,,,,,,,
2026-08-26T19:19:12.846014+00:00,4853.14697265625,3580.58544921875,3580.58544921875,0.0,-999.0,18.386829376220703,20.386829376220703,8.070528984069824,0.25,0.0,0.0,0.0,0.0,0.0,0.0,0.0,1.0,1.0,0.0,0.0,1.0,-999.0,-999.0,-999.0,0.2003851681947708,-0.943842887878418,343.6389465332031,-999.0,338.0405578613281,-5.598381042480469,-999.0,341.53277587890625,63.45188903808594,10.925076484680176,8.438712120056152,0.10492881387472153,3.8186442852020264,8.543464660644531,63.5,11.0,,,,,,,,
2026-08-26T19:19:13.646142+00:00,4853.94677734375,3580.58544921875,3580.58544921875,0.0,-999.0,18.386829376220703,20.386829376220703,8.070528984069824,0.25,0.0,0.0,0.0,0.0,0.0,0.0,0.0,1.0,1.0,0.0,0.0,1.0,-999.0,-999.0,-999.0,0.2003851681947708,-0.943842887878418,343.6389465332031,-999.0,338.0405578613281,-5.598381042480469,-999.0,341.53277587890625,63.45188903808594,10.925076484680176,8.438712120056152,0.10492881387472153,3.8186442852020264,8.543464660644531,63.5,11.0,,,,,,,,
2026-08-26T19:19:14.445582+00:00,4854.7470703125,3580.58544921875,3580.58544921875,0.0,-999.0,18.386829376220703,20.386829376220703,8.070528984069824,0.25,0.0,0.0,0.0,0.0,0.0,0.0,0.0,1.0,1.0,0.0,0.0,1.0,-999.0,-999.0,-999.0,0.2003851681947708,-0.943842887878418,343.6389465332031,-999.0,338.0405578613281,-5.598381042480469,-999.0,341.53277587890625,63.45188903808594,10.925076484680176,8.438712120056152,0.10492881387472153,3.8186442852020264,8.543464660644531,63.5,11.0,,,,,,,,
2026-08-26T19:19:15.245615+00:00,4855.546875,3580.58544921875,3580.58544921875,0.0,-999.0,18.386829376220703,20.386829376220703,8.070528984069824,0.25,0.0,0.0,0.0,0.0,0.0,0.0,0.0,1.0,1.0,0.0,0.0,1.0,-999.0,-999.0,-999.0,0.2003851681947708,-0.943842887878418,343.6389465332031,-999.0,338.0405578613281,-5.598381042480469,-999.0,341.53277587890625,63.45188903808594,10.925076484680176,8.438712120056152,0.10492881387472153,3.8186442852020264,8.543464660644531,63.5,11.0,,,,,,,,
2026-08-26T19:19:16.045963+00:00,4856.34716796875,3580.58544921875,3580.58544921875,0.0,-999.0,18.386829376220703,20.386829376220703,8.070528984069824,0.25,0.0,0.0,0.0,0.0,0.0,0.0,0.0,1.0,1.0,0.0,0.0,1.0,-999.0,-999.0,-999.0,0.2003851681947708,-0.943842887878418,343.6389465332031,-999.0,338.0405578613281,-5.598381042480469,-999.0,341.53277587890625,63.45188903808594,10.925076484680176,8.438712120056152,0.10492881387472153,3.8186442852020264,8.543464660644531,63.5,11.0,,,,,,,,
2026-08-26T19:19:16.845958+00:00,4857.1474609375,3580.58544921875,3580.58544921875,0.0,-999.0,18.386829376220703,20.386829376220703,8.070528984069824,0.25,0.0,0.0,0.0,0.0,0.0,0.0,0.0,1.0,1.0,0.0,0.0,1.0,-999.0,-999.0,-999.0,0.2003851681947708,-0.943842887878418,343.6389465332031,-999.0,338.0405578613281,-5.598381042480469,-999.0,341.53277587890625,63.45188903808594,10.925076484680176,8.438712120056152,0.10492881387472153,3.8186442852020264,8.543464660644531,63.5,11.0,,,,,,,,
2026-08-26T19:19:17.648054+00:00,4857.947265625,3580.58544921875,3580.58544921875,0.0,-999.0,18.386829376220703,20.386829376220703,8.070528984069824,0.25,0.0,0.0,0.0,0.0,0.0,0.0,0.0,1.0,1.0,0.0,0.0,1.0,-999.0,-999.0,-999.0,0.2003851681947708,-0.943842887878418,343.6389465332031,-999.0,338.0405578613281,-5.598381042480469,-999.0,341.53277587890625,63.45188903808594,10.925076484680176,8.438712120056152,0.10492881387472153,3.8186442852020264,8.543464660644531,63.5,11.0,,,,,,,,
2026-08-26T19:19:18.446017+00:00,4858.7470703125,3580.58544921875,3580.58544921875,0.0,-999.0,18.386829376220703,20.386829376220703,8.070528984069824,0.25,0.0,0.0,0.0,0.0,0.0,0.0,0.0,1.0,1.0,0.0,0.0,1.0,-999.0,-999.0,-999.0,0.2003851681947708,-0.943842887878418,343.6389465332031,-999.0,338.0405578613281,-5.598381042480469,-999.0,341.53277587890625,63.45188903808594,10.925076484680176,8.438712120056152,0.10492881387472153,3.8186442852020264,8.543464660644531,63.5,11.0,,,,,,,,
2026-08-26T19:19:19.245933+00:00,4859.54736328125,3580.58544921875,3580.58544921875,0.0,-999.0,18.386829376220703,20.386829376220703,8.070528984069824,0.25,0.0,0.0,0.0,0.0,0.0,0.0,0.0,1.0,1.0,0.0,0.0,1.0,-999.0,-999.0,-999.0,0.2003851681947708,-0.943842887878418,343.6389465332031,-999.0,338.0405578613281,-5.598381042480469,-999.0,341.53277587890625,63.45188903808594,10.925076484680176,8.438712120056152,0.10492881387472153,3.8186442852020264,8.543464660644531,63.5,11.0,,,,,,,,
2026-08-26T19:19:20.046778+00:00,4860.34716796875,3580.58544921875,3580.58544921875,0.0,-999.0,18.386829376220703,20.386829376220703,8.070528984069824,0.25,0.0,0.0,0.0,0.0,0.0,0.0,0.0,1.0,1.0,0.0,0.0,1.0,-999.0,-999.0,-999.0,0.2003851681947708,-0.943842887878418,343.6389465332031,-999.0,338.0405578613281,-5.598381042480469,-999.0,341.53277587890625,63.45188903808594,10.925076484680176,8.438712120056152,0.10492881387472153,3.8186442852020264,8.543464660644531,63.5,11.0,,,,,,,,
2026-08-26T19:19:20.846584+00:00,4861.14697265625,3580.58544921875,3580.58544921875,0.0,-999.0,18.386829376220703,20.386829376220703,8.070528984069824,0.25,0.0,0.0,0.0,0.0,0.0,0.0,0.0,1.0,1.0,0.0,0.0,1.0,-999.0,-999.0,-999.0,0.2003851681947708,-0.943842887878418,343.6389465332031,-999.0,338.0405578613281,-5.598381042480469,-999.0,341.53277587890625,63.45188903808594,10.925076484680176,8.438712120056152,0.10492881387472153,3.8186442852020264,8.543464660644531,63.5,11.0,,,,,,,,
2026-08-26T19:19:21.645910+00:00,4861.947265625,3580.58544921875,3580.58544921875,0.0,-999.0,18.386829376220703,20.386829376220703,8.070528984069824,0.25,0.0,0.0,0.0,0.0,0.0,0.0,0.0,1.0,1.0,0.0,0.0,1.0,-999.0,-999.0,-999.0,0.2003851681947708,-0.943842887878418,343.6389465332031,-999.0,338.0405578613281,-5.598381042480469,-999.0,341.53277587890625,63.45188903808594,10.925076484680176,8.438712120056152,0.10492881387472153,3.8186442852020264,8.543464660644531,63.5,11.0,,,,,,,,
2026-08-26T19:19:22.445862+00:00,4862.7470703125,3580.58544921875,3580.58544921875,0.0,-999.0,18.386829376220703,20.386829376220703,8.070528984069824,0.25,0.0,0.0,0.0,0.0,0.0,0.0,0.0,1.0,1.0,0.0,0.0,1.0,-999.0,-999.0,-999.0,0.2003851681947708,-0.943842887878418,343.6389465332031,-999.0,338.0405578613281,-5.598381042480469,-999.0,341.53277587890625,63.45188903808594,10.925076484680176,8.438712120056152,0.10492881387472153,3.8186442852020264,8.543464660644531,63.5,11.0,,,,,,,,
2026-08-26T19:19:23.245602+00:00,4863.54736328125,3580.58544921875,3580.58544921875,0.0,-999.0,18.386829376220703,20.386829376220703,8.070528984069824,0.25,0.0,0.0,0.0,0.0,0.0,0.0,0.0,1.0,1.0,0.0,0.0,1.0,-999.0,-999.0,-999.0,0.2003851681947708,-0.943842887878418,343.6389465332031,-999.0,338.0405578613281,-5.598381042480469,-999.0,341.53277587890625,63.45188903808594,10.925076484680176,8.438712120056152,0.10492881387472153,3.8186442852020264,8.543464660644531,63.5,11.0,,,,,,,,
2026-08-26T19:19:24.045592+00:00,4864.34716796875,3580.58544921875,3580.58544921875,0.0,-999.0,18.386829376220703,20.386829376220703,8.070528984069824,0.25,0.0,0.0,0.0,0.0,0.0,0.0,0.0,1.0,1.0,0.0,0.0,1.0,-999.0,-999.0,-999.0,0.2003851681947708,-0.943842887878418,343.6389465332031,-999.0,338.0405578613281,-5.598381042480469,-999.0,341.53277587890625,63.45188903808594,10.925076484680176,8.438712120056152,0.10492881387472153,3.8186442852020264,8.543464660644531,63.5,11.0,,,,,,,,
2026-08-26T19:19:24.845617+00:00,4865.14697265625,3580.58544921875,3580.58544921875,0.0,-999.0,18.386829376220703,20.386829376220703,8.070528984069824,0.25,0.0,0.0,0.0,0.0,0.0,0.0,0.0,1.0,1.0,0.0,0.0,1.0,-999.0,-999.0,-999.0,0.2003851681947708,-0.943842887878418,343.6389465332031,-999.0,338.0405578613281,-5.598381042480469,-999.0,341.53277587890625,63.45188903808594,10.925076484680176,8.438712120056152,0.10492881387472153,3.8186442852020264,8.543464660644531,63.5,11.0,,,,,,,,
2026-08-26T19:19:25.645645+00:00,4865.94677734375,3580.58544921875,3580.58544921875,0.0,-999.0,18.386829376220703,20.386829376220703,8.070528984069824,0.25,0.0,0.0,0.0,0.0,0.0,0.0,0.0,1.0,1.0,0.0,0.0,1.0,-999.0,-999.0,-999.0,0.2003851681947708,-0.943842887878418,343.6389465332031,-999.0,338.0405578613281,-5.598381042480469,-999.0,341.53277587890625,63.45188903808594,10.925076484680176,8.438712120056152,0.10492881387472153,3.8186442852020264,8.543464660644531,63.5,11.0,,,,,,,,
2026-08-26T19:19:26.445703+00:00,4866.7470703125,3580.58544921875,3580.58544921875,0.0,-999.0,18.386829376220703,20.386829376220703,8.070528984069824,0.25,0.0,0.0,0.0,0.0,0.0,0.0,0.0,1.0,1.0,0.0,0.0,1.0,-999.0,-999.0,-999.0,0.2003851681947708,-0.943842887878418,343.6389465332031,-999.0,338.0405578613281,-5.598381042480469,-999.0,341.53277587890625,63.45188903808594,10.925076484680176,8.438712120056152,0.10492881387472153,3.8186442852020264,8.543464660644531,63.5,11.0,,,,,,,,
2026-08-26T19:19:27.245385+00:00,4867.546875,3580.58544921875,3580.58544921875,0.0,-999.0,18.386829376220703,20.386829376220703,8.070528984069824,0.25,0.0,0.0,0.0,0.0,0.0,0.0,0.0,1.0,1.0,0.0,0.0,1.0,-999.0,-999.0,-999.0,0.2003851681947708,-0.943842887878418,343.6389465332031,-999.0,338.0405578613281,-5.598381042480469,-999.0,341.53277587890625,63.45188903808594,10.925076484680176,8.438712120056152,0.10492881387472153,3.8186442852020264,8.543464660644531,63.5,11.0,,,,,,,,
2026-08-26T19:19:28.045957+00:00,4868.34716796875,3580.58544921875,3580.58544921875,0.0,-999.0,18.386829376220703,20.386829376220703,8.070528984069824,0.25,0.0,0.0,0.0,0.0,0.0,0.0,0.0,1.0,1.0,0.0,0.0,1.0,-999.0,-999.0,-999.0,0.2003851681947708,-0.943842887878418,343.6389465332031,-999.0,338.0405578613281,-5.598381042480469,-999.0,341.53277587890625,63.45188903808594,10.925076484680176,8.438712120056152,0.10492881387472153,3.8186442852020264,8.543464660644531,63.5,11.0,,,,,,,,
2026-08-26T19:19:28.845863+00:00,4869.14697265625,3580.58544921875,3580.58544921875,0.0,-999.0,18.386829376220703,20.386829376220703,8.070528984069824,0.25,0.0,0.0,0.0,0.0,0.0,0.0,0.0,1.0,1.0,0.0,0.0,1.0,-999.0,-999.0,-999.0,0.2003851681947708,-0.943842887878418,343.6389465332031,-999.0,338.0405578613281,-5.598381042480469,-999.0,341.53277587890625,63.45188903808594,10.925076484680176,8.438712120056152,0.10492881387472153,3.8186442852020264,8.543464660644531,63.5,11.0,0.0,0.0,0.0,0.0,0.0,0.0,0.0,0.0
2026-08-26T19:19:29.645285+00:00,4869.94677734375,3580.58544921875,3580.58544921875,0.0,-999.0,18.386829376220703,20.386829376220703,8.070528984069824,0.25,0.0,0.0,0.0,0.0,0.0,0.0,0.0,1.0,1.0,0.0,0.0,1.0,-999.0,-999.0,-999.0,0.2003851681947708,-0.943842887878418,343.6389465332031,-999.0,338.0405578613281,-5.598381042480469,-999.0,341.53277587890625,63.45188903808594,10.925076484680176,8.438712120056152,0.10492881387472153,3.8186442852020264,8.543464660644531,63.5,11.0,0.0,0.0,0.0,0.0,0.0,0.0,0.0,0.0
2026-08-26T19:19:30.446039+00:00,4870.7470703125,3580.58544921875,3580.58544921875,0.0,-999.0,18.386829376220703,20.386829376220703,8.070528984069824,0.25,0.0,0.0,0.0,0.0,0.0,0.0,0.0,1.0,1.0,0.0,0.0,1.0,-999.0,-999.0,-999.0,0.2003851681947708,-0.943842887878418,343.6389465332031,-999.0,338.0405578613281,-5.598381042480469,-999.0,341.53277587890625,63.45188903808594,10.925076484680176,8.438712120056152,0.10492881387472153,3.8186442852020264,8.543464660644531,63.5,11.0,,,,,,,,
2026-08-26T19:19:31.246025+00:00,4871.546875,3580.58544921875,3580.58544921875,0.0,-999.0,18.386829376220703,20.386829376220703,8.070528984069824,0.25,0.0,0.0,0.0,0.0,0.0,0.0,0.0,1.0,1.0,0.0,0.0,1.0,-999.0,-999.0,-999.0,0.2003851681947708,-0.943842887878418,343.6389465332031,-999.0,338.0405578613281,-5.598381042480469,-999.0,341.53277587890625,63.45188903808594,10.925076484680176,8.438712120056152,0.10492881387472153,3.8186442852020264,8.543464660644531,63.5,11.0,,,,,,,,
2026-08-26T19:19:32.045873+00:00,4872.34716796875,3580.58544921875,3580.58544921875,0.0,-999.0,18.386829376220703,20.386829376220703,8.070528984069824,0.25,0.0,0.0,0.0,0.0,0.0,0.0,0.0,1.0,1.0,0.0,0.0,1.0,-999.0,-999.0,-999.0,0.2003851681947708,-0.943842887878418,343.6389465332031,-999.0,338.0405578613281,-5.598381042480469,-999.0,341.53277587890625,63.45188903808594,10.925076484680176,8.438712120056152,0.10492881387472153,3.8186442852020264,8.543464660644531,63.5,11.0,,,,,,,,
2026-08-26T19:19:32.832892+00:00,4873.13427734375,3581.15234375,3581.15234375,0.0,-999.0,18.386987686157227,20.386987686157227,8.070528984069824,0.25,0.0,0.0,0.0,0.0,0.0,0.0,0.0,1.0,1.0,0.0,0.0,1.0,-999.0,-999.0,-999.0,0.20046022534370422,-0.9439061284065247,343.638916015625,-999.0,338.04052734375,-5.598381042480469,-999.0,341.53277587890625,63.45188903808594,10.925076484680176,8.43870735168457,0.10492373257875443,3.8186440467834473,8.54345989227295,63.5,11.0,,,,,,,,
2026-08-26T19:19:33.623328+00:00,4873.923828125,3581.95263671875,3581.95263671875,0.0,-999.0,18.387208938598633,20.387208938598633,8.070528984069824,0.25,0.0,0.0,0.0,0.0,0.0,0.0,0.0,1.0,1.0,0.0,0.0,1.0,-999.0,-999.0,-999.0,0.2004522681236267,-0.9438281655311584,343.638916015625,-999.0,338.04052734375,-5.598381042480469,-999.0,341.53277587890625,63.45188903808594,10.925076484680176,8.438712120056152,0.10492842644453049,3.8186447620391846,8.543464660644531,63.5,11.0,,,,,,,,
2026-08-26T19:19:34.421913+00:00,4874.7236328125,3582.754638671875,3582.754638671875,0.0,-999.0,18.387432098388672,20.387432098388672,8.070528984069824,0.25,0.0,0.0,0.0,0.0,0.0,0.0,0.0,1.0,1.0,0.0,0.0,1.0,-999.0,-999.0,-999.0,0.2005864828824997,-0.9440630674362183,343.638916015625,-999.0,338.04052734375,-5.598381042480469,-999.0,341.53277587890625,63.45188903808594,10.925076484680176,8.438728332519531,0.10494602471590042,3.818643569946289,8.54348087310791,63.5,11.0,,,,,,,,
2026-08-26T19:19:35.221859+00:00,4875.5234375,3583.554443359375,3583.554443359375,0.0,-999.0,18.387653350830078,20.387653350830078,8.070528984069824,0.25,0.0,0.0,0.0,0.0,0.0,0.0,0.0,1.0,1.0,0.0,0.0,1.0,-999.0,-999.0,-999.0,0.20069478452205658,-0.9442006945610046,343.6389465332031,-999.0,338.0405578613281,-5.598381042480469,-999.0,341.5331726074219,63.45188903808594,10.925076484680176,8.438727378845215,0.10494328290224075,3.8186447620391846,8.543479919433594,63.5,11.0,,,,,,,,
2026-08-26T19:19:36.021755+00:00,4876.3232421875,3584.3544921875,3584.3544921875,0.0,-999.0,18.387876510620117,20.387876510620117,8.070528984069824,0.25,0.0,0.0,0.0,0.0,0.0,0.0,0.0,1.0,1.0,0.0,0.0,1.0,-999.0,-999.0,-999.0,0.20074979960918427,-0.9441934823989868,343.6389465332031,-999.0,338.0405578613281,-5.598381042480469,-999.0,341.5331726074219,63.45188903808594,10.925076484680176,8.438727378845215,0.10494328290224075,3.8186447620391846,8.543479919433594,63.5,11.0,,,,,,,,
2026-08-26T19:19:36.822063+00:00,4877.12353515625,3585.154541015625,3585.154541015625,0.0,-999.0,18.388097763061523,20.388097763061523,8.070528984069824,0.25,0.0,0.0,0.0,0.0,0.0,0.0,0.0,1.0,1.0,0.0,0.0,1.0,-999.0,-999.0,-999.0,0.20071673393249512,-0.9440788626670837,343.638916015625,-999.0,338.04052734375,-5.598381042480469,-999.0,341.5331726074219,63.45188903808594,10.925076484680176,8.438728332519531,0.10494641214609146,3.818643093109131,8.543481826782227,63.5,11.0,,,,,,,,
2026-08-26T19:19:37.622818+00:00,4877.92333984375,3585.954345703125,3585.954345703125,0.0,-999.0,18.388320922851562,20.388320922851562,8.070528984069824,0.25,0.0,0.0,0.0,0.0,0.0,0.0,0.0,1.0,1.0,0.0,0.0,1.0,-999.0,-999.0,-999.0,0.20067431032657623,-0.9441455602645874,343.638916015625,-999.0,338.04052734375,-5.598381042480469,-999.0,341.5331726074219,63.45188903808594,10.925076484680176,8.43873119354248,0.10494797676801682,3.8186440467834473,8.54348373413086,63.5,11.0,,,,,,,,
